,MAE,MSE,RMSE,R2 Score,CV R2 Mean
XGBoost,0.44264922874103685,0.35569946249853784,0.5964054514326121,0.6656856065225087,0.6896511174559778
